Threads_num,Part_1,Part_2
1,2054.0958046913147,675.8642475605011
2,954.6304981708527,303.5969421863556
3,938.712414264679,292.66818356513977
